forecast_type,kpi_id,kpi_name,module_id,module_name,date,year,quarter,month,month_name,week_of_year,actual_value,target_value,result_status,group_by_field,group_by_value
global,1,Number of Major Incidents by State,1,Incident,2014-03-01,2014,1,3,,9,0.0,5.0,off_target,,
global,1,Number of Major Incidents by State,1,Incident,2015-08-01,2015,3,8,,31,0.0,5.0,off_target,,
global,1,Number of Major Incidents by State,1,Incident,2015-11-01,2015,4,11,,44,0.0,5.0,off_target,,
global,1,Number of Major Incidents by State,1,Incident,2016-08-01,2016,3,8,,31,0.0,5.0,off_target,,
global,1,Number of Major Incidents by State,1,Incident,2016-12-01,2016,4,12,,48,0.0,5.0,off_target,,
global,1,Number of Major Incidents by State,1,Incident,2018-08-01,2018,3,8,,31,0.0,5.0,off_target,,
global,1,Number of Major Incidents by State,1,Incident,2018-09-01,2018,3,9,,35,0.0,5.0,off_target,,
global,1,Number of Major Incidents by State,1,Incident,2018-10-01,2018,4,10,,40,0.0,5.0,off_target,,
global,1,Number of Major Incidents by State,1,Incident,2019-07-01,2019,3,7,,27,0.0,5.0,off_target,,
global,1,Number of Major Incidents by State,1,Incident,2020-06-01,2020,2,6,,23,0.0,5.0,off_target,,
global,1,Number of Major Incidents by State,1,Incident,2021-01-01,2021,1,1,,53,0.0,5.0,off_target,,
global,1,Number of Major Incidents by State,1,Incident,2024-07-01,2024,3,7,,27,0.0,5.0,off_target,,
global,1,Number of Major Incidents by State,1,Incident,2024-08-01,2024,3,8,,31,0.0,5.0,off_target,,
global,1,Number of Major Incidents by State,1,Incident,2025-12-01,2025,4,12,,49,3.0,5.0,off_target,,
global,1,Number of Major Incidents by State,1,Incident,2026-01-01,2026,1,1,,1,0.0,5.0,off_target,,
global,1,Number of Major Incidents by State,1,Incident,2026-03-01,2026,1,3,,9,1.0,5.0,off_target,,
global,1,Number of Major Incidents by State,1,Incident,2026-05-06,2026,2,5,,19,4.0,5.0,off_target,,
global,1,Number of Major Incidents by State,1,Incident,2026-05-07,2026,2,5,,19,4.0,5.0,off_target,,
global,1,Number of Major Incidents by State,1,Incident,2026-05-08,2026,2,5,,19,4.0,5.0,off_target,,
global,2,Number of Articles,5,Knowledge,2018-03-01,2018,1,3,,9,2.0,10.0,off_target,,
global,2,Number of Articles,5,Knowledge,2018-04-01,2018,2,4,,13,3.0,10.0,off_target,,
global,2,Number of Articles,5,Knowledge,2018-05-01,2018,2,5,,18,1.0,10.0,off_target,,
global,2,Number of Articles,5,Knowledge,2018-06-01,2018,2,6,,22,1.0,10.0,off_target,,
global,2,Number of Articles,5,Knowledge,2018-07-01,2018,3,7,,26,1.0,10.0,off_target,,
global,2,Number of Articles,5,Knowledge,2018-08-01,2018,3,8,,31,1.0,10.0,off_target,,
global,2,Number of Articles,5,Knowledge,2018-09-01,2018,3,9,,35,1.0,10.0,off_target,,
global,2,Number of Articles,5,Knowledge,2020-05-01,2020,2,5,,18,1.0,10.0,off_target,,
global,2,Number of Articles,5,Knowledge,2020-06-01,2020,2,6,,23,1.0,10.0,off_target,,
global,2,Number of Articles,5,Knowledge,2020-07-01,2020,3,7,,27,1.0,10.0,off_target,,
global,2,Number of Articles,5,Knowledge,2020-08-01,2020,3,8,,31,3.0,10.0,off_target,,
global,2,Number of Articles,5,Knowledge,2020-09-01,2020,3,9,,36,1.0,10.0,off_target,,
global,2,Number of Articles,5,Knowledge,2020-10-01,2020,4,10,,40,5.0,10.0,off_target,,
global,2,Number of Articles,5,Knowledge,2020-11-01,2020,4,11,,44,5.0,10.0,off_target,,
global,2,Number of Articles,5,Knowledge,2020-12-01,2020,4,12,,49,1.0,10.0,off_target,,
global,2,Number of Articles,5,Knowledge,2021-01-01,2021,1,1,,53,1.0,10.0,off_target,,
global,2,Number of Articles,5,Knowledge,2021-02-01,2021,1,2,,5,3.0,10.0,off_target,,
global,2,Number of Articles,5,Knowledge,2021-03-01,2021,1,3,,9,4.0,10.0,off_target,,
global,2,Number of Articles,5,Knowledge,2021-04-01,2021,2,4,,13,2.0,10.0,off_target,,
global,2,Number of Articles,5,Knowledge,2021-05-01,2021,2,5,,17,9.0,10.0,off_target,,
global,2,Number of Articles,5,Knowledge,2021-06-01,2021,2,6,,22,42.0,10.0,off_target,,
global,2,Number of Articles,5,Knowledge,2021-08-01,2021,3,8,,30,19.0,10.0,off_target,,
global,2,Number of Articles,5,Knowledge,2021-09-01,2021,3,9,,35,12.0,10.0,off_target,,
global,2,Number of Articles,5,Knowledge,2021-10-01,2021,4,10,,39,11.0,10.0,off_target,,
global,2,Number of Articles,5,Knowledge,2021-11-01,2021,4,11,,44,5.0,10.0,off_target,,
global,2,Number of Articles,5,Knowledge,2021-12-01,2021,4,12,,48,27.0,10.0,off_target,,
global,2,Number of Articles,5,Knowledge,2022-01-01,2022,1,1,,52,200.0,10.0,off_target,,
global,2,Number of Articles,5,Knowledge,2022-02-01,2022,1,2,,5,73.0,10.0,off_target,,
global,2,Number of Articles,5,Knowledge,2022-03-01,2022,1,3,,9,26.0,10.0,off_target,,
global,2,Number of Articles,5,Knowledge,2022-04-01,2022,2,4,,13,8.0,10.0,off_target,,
global,2,Number of Articles,5,Knowledge,2022-05-01,2022,2,5,,17,20.0,10.0,off_target,,
global,2,Number of Articles,5,Knowledge,2022-06-01,2022,2,6,,22,20.0,10.0,off_target,,
global,2,Number of Articles,5,Knowledge,2022-07-01,2022,3,7,,26,17.0,10.0,off_target,,
global,2,Number of Articles,5,Knowledge,2022-08-01,2022,3,8,,31,57.0,10.0,off_target,,
global,2,Number of Articles,5,Knowledge,2022-09-01,2022,3,9,,35,40.0,10.0,off_target,,
global,2,Number of Articles,5,Knowledge,2022-10-01,2022,4,10,,39,73.0,10.0,off_target,,
global,2,Number of Articles,5,Knowledge,2022-11-01,2022,4,11,,44,64.0,10.0,off_target,,
global,2,Number of Articles,5,Knowledge,2022-12-01,2022,4,12,,48,80.0,10.0,off_target,,
global,2,Number of Articles,5,Knowledge,2023-01-01,2023,1,1,,52,35.0,10.0,off_target,,
global,2,Number of Articles,5,Knowledge,2023-02-01,2023,1,2,,5,17.0,10.0,off_target,,
global,2,Number of Articles,5,Knowledge,2023-03-01,2023,1,3,,9,35.0,10.0,off_target,,
global,2,Number of Articles,5,Knowledge,2023-04-01,2023,2,4,,13,15.0,10.0,off_target,,
global,2,Number of Articles,5,Knowledge,2023-05-01,2023,2,5,,18,23.0,10.0,off_target,,
global,2,Number of Articles,5,Knowledge,2023-06-01,2023,2,6,,22,39.0,10.0,off_target,,
global,2,Number of Articles,5,Knowledge,2023-07-01,2023,3,7,,26,31.0,10.0,off_target,,
global,2,Number of Articles,5,Knowledge,2023-08-01,2023,3,8,,31,40.0,10.0,off_target,,
global,2,Number of Articles,5,Knowledge,2023-09-01,2023,3,9,,35,45.0,10.0,off_target,,
global,2,Number of Articles,5,Knowledge,2023-10-01,2023,4,10,,39,60.0,10.0,off_target,,
global,2,Number of Articles,5,Knowledge,2023-11-01,2023,4,11,,44,52.0,10.0,off_target,,
global,2,Number of Articles,5,Knowledge,2023-12-01,2023,4,12,,48,18.0,10.0,off_target,,
global,2,Number of Articles,5,Knowledge,2024-01-01,2024,1,1,,1,41.0,10.0,off_target,,
global,2,Number of Articles,5,Knowledge,2024-02-01,2024,1,2,,5,26.0,10.0,off_target,,
global,2,Number of Articles,5,Knowledge,2024-03-01,2024,1,3,,9,45.0,10.0,off_target,,
global,2,Number of Articles,5,Knowledge,2024-04-01,2024,2,4,,14,25.0,10.0,off_target,,
global,2,Number of Articles,5,Knowledge,2024-05-01,2024,2,5,,18,26.0,10.0,off_target,,
global,2,Number of Articles,5,Knowledge,2024-06-01,2024,2,6,,22,43.0,10.0,off_target,,
global,2,Number of Articles,5,Knowledge,2024-07-01,2024,3,7,,27,130.0,10.0,off_target,,
global,2,Number of Articles,5,Knowledge,2024-08-01,2024,3,8,,31,92.0,10.0,off_target,,
global,2,Number of Articles,5,Knowledge,2024-09-01,2024,3,9,,35,53.0,10.0,off_target,,
global,2,Number of Articles,5,Knowledge,2024-10-01,2024,4,10,,40,88.0,10.0,off_target,,
global,2,Number of Articles,5,Knowledge,2024-11-01,2024,4,11,,44,27.0,10.0,off_target,,
global,2,Number of Articles,5,Knowledge,2024-12-01,2024,4,12,,48,77.0,10.0,off_target,,
global,2,Number of Articles,5,Knowledge,2025-01-01,2025,1,1,,1,34.0,10.0,off_target,,
global,2,Number of Articles,5,Knowledge,2025-02-01,2025,1,2,,5,53.0,10.0,off_target,,
global,2,Number of Articles,5,Knowledge,2025-03-01,2025,1,3,,9,60.0,10.0,off_target,,
global,2,Number of Articles,5,Knowledge,2025-04-01,2025,2,4,,14,45.0,10.0,off_target,,
global,2,Number of Articles,5,Knowledge,2025-05-01,2025,2,5,,18,109.0,10.0,off_target,,
global,2,Number of Articles,5,Knowledge,2025-06-01,2025,2,6,,22,63.0,10.0,off_target,,
global,2,Number of Articles,5,Knowledge,2025-07-01,2025,3,7,,27,48.0,10.0,off_target,,
global,2,Number of Articles,5,Knowledge,2025-08-01,2025,3,8,,31,76.0,10.0,off_target,,
global,2,Number of Articles,5,Knowledge,2025-09-01,2025,3,9,,36,53.0,10.0,off_target,,
global,2,Number of Articles,5,Knowledge,2025-10-01,2025,4,10,,40,43.0,10.0,off_target,,
global,2,Number of Articles,5,Knowledge,2025-11-01,2025,4,11,,44,54.0,10.0,off_target,,
global,2,Number of Articles,5,Knowledge,2025-12-01,2025,4,12,,49,57.0,10.0,off_target,,
global,2,Number of Articles,5,Knowledge,2026-01-01,2026,1,1,,1,22.0,10.0,off_target,,
global,2,Number of Articles,5,Knowledge,2026-02-01,2026,1,2,,5,30.0,10.0,off_target,,
global,2,Number of Articles,5,Knowledge,2026-03-01,2026,1,3,,9,40.0,10.0,off_target,,
global,2,Number of Articles,5,Knowledge,2026-04-01,2026,2,4,,14,5.0,10.0,off_target,,
global,2,Number of Articles,5,Knowledge,2026-05-06,2026,2,5,,19,2716.0,10.0,on_target,,
global,2,Number of Articles,5,Knowledge,2026-05-07,2026,2,5,,19,2716.0,10.0,on_target,,
global,3,Number of Changes of Infrastructure by Priority,3,Change,2025-01-01,2025,1,1,,1,13.0,4.0,off_target,,
global,3,Number of Changes of Infrastructure by Priority,3,Change,2025-02-01,2025,1,2,,5,10.0,4.0,off_target,,
global,3,Number of Changes of Infrastructure by Priority,3,Change,2025-03-01,2025,1,3,,9,17.0,4.0,off_target,,
global,3,Number of Changes of Infrastructure by Priority,3,Change,2025-04-01,2025,2,4,,14,8.0,4.0,off_target,,
global,3,Number of Changes of Infrastructure by Priority,3,Change,2025-05-01,2025,2,5,,18,12.0,4.0,off_target,,
global,3,Number of Changes of Infrastructure by Priority,3,Change,2025-06-01,2025,2,6,,22,9.0,4.0,off_target,,
global,3,Number of Changes of Infrastructure by Priority,3,Change,2025-07-01,2025,3,7,,27,7.0,4.0,off_target,,
global,3,Number of Changes of Infrastructure by Priority,3,Change,2025-08-01,2025,3,8,,31,12.0,4.0,off_target,,
global,3,Number of Changes of Infrastructure by Priority,3,Change,2025-09-01,2025,3,9,,36,7.0,4.0,off_target,,
global,3,Number of Changes of Infrastructure by Priority,3,Change,2025-10-01,2025,4,10,,40,11.0,4.0,off_target,,
global,3,Number of Changes of Infrastructure by Priority,3,Change,2025-11-01,2025,4,11,,44,10.0,4.0,off_target,,
global,3,Number of Changes of Infrastructure by Priority,3,Change,2025-12-01,2025,4,12,,49,7.0,4.0,off_target,,
global,3,Number of Changes of Infrastructure by Priority,3,Change,2026-03-01,2026,1,3,,9,0.0,4.0,off_target,,
global,3,Number of Changes of Infrastructure by Priority,3,Change,2026-04-01,2026,2,4,,14,0.0,4.0,off_target,,
global,3,Number of Changes of Infrastructure by Priority,3,Change,2026-05-06,2026,2,5,,19,19.0,4.0,off_target,,
global,3,Number of Changes of Infrastructure by Priority,3,Change,2026-05-07,2026,2,5,,19,19.0,4.0,off_target,,
global,4,Problem in Investigation by Affected service,4,Problem,2025-01-01,2025,1,1,,1,7.0,6.0,off_target,,
global,4,Problem in Investigation by Affected service,4,Problem,2025-02-01,2025,1,2,,5,3.0,6.0,off_target,,
global,4,Problem in Investigation by Affected service,4,Problem,2025-03-01,2025,1,3,,9,4.0,6.0,off_target,,
global,4,Problem in Investigation by Affected service,4,Problem,2025-04-01,2025,2,4,,14,7.0,6.0,off_target,,
global,4,Problem in Investigation by Affected service,4,Problem,2025-05-01,2025,2,5,,18,6.0,6.0,on_target,,
global,4,Problem in Investigation by Affected service,4,Problem,2025-06-01,2025,2,6,,22,4.0,6.0,off_target,,
global,4,Problem in Investigation by Affected service,4,Problem,2025-07-01,2025,3,7,,27,5.0,6.0,off_target,,
global,4,Problem in Investigation by Affected service,4,Problem,2025-08-01,2025,3,8,,31,7.0,6.0,off_target,,
global,4,Problem in Investigation by Affected service,4,Problem,2025-09-01,2025,3,9,,36,5.0,6.0,off_target,,
global,4,Problem in Investigation by Affected service,4,Problem,2025-10-01,2025,4,10,,40,4.0,6.0,off_target,,
global,4,Problem in Investigation by Affected service,4,Problem,2025-11-01,2025,4,11,,44,3.0,6.0,off_target,,
global,4,Problem in Investigation by Affected service,4,Problem,2025-12-01,2025,4,12,,49,5.0,6.0,off_target,,
global,4,Problem in Investigation by Affected service,4,Problem,2026-05-06,2026,2,5,,19,60.0,6.0,off_target,,
global,4,Problem in Investigation by Affected service,4,Problem,2026-05-07,2026,2,5,,19,60.0,6.0,off_target,,
global,5,Request waiting for approval by impact,2,Service Request,2025-01-01,2025,1,1,,1,0.0,8.0,off_target,,
global,5,Request waiting for approval by impact,2,Service Request,2025-02-01,2025,1,2,,5,0.0,8.0,off_target,,
global,5,Request waiting for approval by impact,2,Service Request,2025-03-01,2025,1,3,,9,0.0,8.0,off_target,,
global,5,Request waiting for approval by impact,2,Service Request,2025-04-01,2025,2,4,,14,0.0,8.0,off_target,,
global,5,Request waiting for approval by impact,2,Service Request,2025-05-01,2025,2,5,,18,0.0,8.0,off_target,,
global,5,Request waiting for approval by impact,2,Service Request,2025-06-01,2025,2,6,,22,0.0,8.0,off_target,,
global,5,Request waiting for approval by impact,2,Service Request,2025-07-01,2025,3,7,,27,0.0,8.0,off_target,,
global,5,Request waiting for approval by impact,2,Service Request,2025-08-01,2025,3,8,,31,0.0,8.0,off_target,,
global,5,Request waiting for approval by impact,2,Service Request,2025-09-01,2025,3,9,,36,0.0,8.0,off_target,,
global,5,Request waiting for approval by impact,2,Service Request,2025-10-01,2025,4,10,,40,0.0,8.0,off_target,,
global,5,Request waiting for approval by impact,2,Service Request,2025-11-01,2025,4,11,,44,0.0,8.0,off_target,,
global,5,Request waiting for approval by impact,2,Service Request,2025-12-01,2025,4,12,,49,0.0,8.0,off_target,,
global,5,Request waiting for approval by impact,2,Service Request,2026-03-01,2026,1,3,,9,2.0,8.0,off_target,,
global,5,Request waiting for approval by impact,2,Service Request,2026-04-01,2026,2,4,,14,27.0,8.0,off_target,,
global,5,Request waiting for approval by impact,2,Service Request,2026-05-06,2026,2,5,,19,29.0,8.0,off_target,,
global,5,Request waiting for approval by impact,2,Service Request,2026-05-07,2026,2,5,,19,29.0,8.0,off_target,,
